{"cameraMode":{"drawMode":0,"name":"Shaded","section":"Shading Mode"},"sceneLighting":false,"audioPlay":false,"sceneViewState":{"showFog":true,"showMaterialUpdate":true,"showSkybox":false,"showFlares":true,"showImageEffects":true,"showParticleSystems":true},"in2DMode":false,"pivot":{"x":22.780000686645509,"y":1.3899999856948853,"z":-18.030000686645509},"rotation":{"x":-0.21060910820960999,"y":-0.6877670288085938,"z":0.21978701651096345,"w":-0.659046471118927},"size":3.5234360694885256,"orthographic":false}