{"cameraMode":{"drawMode":0,"name":"Shaded","section":"Shading Mode"},"sceneLighting":false,"audioPlay":false,"sceneViewState":{"showFog":true,"showMaterialUpdate":true,"showSkybox":false,"showFlares":true,"showImageEffects":true,"showParticleSystems":true},"in2DMode":false,"pivot":{"x":23.956512451171876,"y":-5.930968761444092,"z":40.91448211669922},"rotation":{"x":0.2809121608734131,"y":0.19967344403266908,"z":-0.05991409346461296,"w":0.9368991851806641},"size":18.148454666137697,"orthographic":false}