{"cameraMode":{"drawMode":0,"name":"Shaded","section":"Shading Mode"},"sceneLighting":false,"audioPlay":false,"sceneViewState":{"showFog":true,"showMaterialUpdate":true,"showSkybox":false,"showFlares":true,"showImageEffects":true,"showParticleSystems":true},"in2DMode":false,"pivot":{"x":2.379568576812744,"y":-0.7848243713378906,"z":5.13942813873291},"rotation":{"x":-0.27286678552627566,"y":0.32969966530799868,"z":-0.1001242846250534,"w":-0.8986086845397949},"size":5.140833377838135,"orthographic":false}