{"cameraMode":{"drawMode":0,"name":"Shaded","section":"Shading Mode"},"sceneLighting":false,"audioPlay":false,"sceneViewState":{"showFog":true,"showMaterialUpdate":true,"showSkybox":false,"showFlares":true,"showImageEffects":true,"showParticleSystems":true},"in2DMode":false,"pivot":{"x":0.9934464693069458,"y":1.152316689491272,"z":-0.3350839912891388},"rotation":{"x":0.16911570727825166,"y":0.06969533115625382,"z":-0.012002781964838505,"w":0.9833763837814331},"size":2.3438303470611574,"orthographic":false}