{"cameraMode":{"drawMode":0,"name":"Shaded","section":"Shading Mode"},"sceneLighting":false,"audioPlay":false,"sceneViewState":{"showFog":true,"showMaterialUpdate":true,"showSkybox":false,"showFlares":true,"showImageEffects":true,"showParticleSystems":true},"in2DMode":false,"pivot":{"x":15.382089614868164,"y":0.8843051195144653,"z":19.36418914794922},"rotation":{"x":0.30265313386917117,"y":-0.5892750024795532,"z":0.2527848184108734,"w":0.705269992351532},"size":4.106539726257324,"orthographic":false}