{"cameraMode":{"drawMode":0,"name":"Shaded","section":"Shading Mode"},"sceneLighting":false,"audioPlay":false,"sceneViewState":{"showFog":true,"showMaterialUpdate":true,"showSkybox":true,"showFlares":true,"showImageEffects":true,"showParticleSystems":true},"in2DMode":false,"pivot":{"x":17.51692771911621,"y":-2.1625919342041017,"z":13.153440475463868},"rotation":{"x":-0.5044249892234802,"y":-0.057616084814071658,"z":0.033838022500276569,"w":-0.8613032102584839},"size":16.029970169067384,"orthographic":false}