{"cameraMode":{"drawMode":0,"name":"Shaded","section":"Shading Mode"},"sceneLighting":false,"audioPlay":false,"sceneViewState":{"showFog":true,"showMaterialUpdate":true,"showSkybox":false,"showFlares":true,"showImageEffects":true,"showParticleSystems":true},"in2DMode":false,"pivot":{"x":14.183624267578125,"y":0.11720801889896393,"z":24.187726974487306},"rotation":{"x":0.09073635935783386,"y":0.7867162227630615,"z":-0.11917182803153992,"w":0.5992956161499023},"size":0.6822178363800049,"orthographic":false}