{"cameraMode":{"drawMode":0,"name":"Shaded","section":"Shading Mode"},"sceneLighting":false,"audioPlay":false,"sceneViewState":{"showFog":true,"showMaterialUpdate":true,"showSkybox":false,"showFlares":true,"showImageEffects":true,"showParticleSystems":true},"in2DMode":false,"pivot":{"x":20.313676834106447,"y":1.441203236579895,"z":13.422043800354004},"rotation":{"x":0.33376938104629519,"y":0.17806778848171235,"z":-0.06440464407205582,"w":0.9235215187072754},"size":2.4166111946105959,"orthographic":false}