{"cameraMode":{"drawMode":0,"name":"Shaded","section":"Shading Mode"},"sceneLighting":false,"audioPlay":false,"sceneViewState":{"showFog":true,"showMaterialUpdate":true,"showSkybox":true,"showFlares":true,"showImageEffects":true,"showParticleSystems":true},"in2DMode":false,"pivot":{"x":-0.3947056531906128,"y":4.4690842628479,"z":22.87834358215332},"rotation":{"x":0.10243838280439377,"y":0.8469770550727844,"z":-0.1768518090248108,"w":0.4909428060054779},"size":5.445240497589111,"orthographic":false}