{"cameraMode":{"drawMode":0,"name":"Shaded","section":"Shading Mode"},"sceneLighting":false,"audioPlay":false,"sceneViewState":{"showFog":true,"showMaterialUpdate":true,"showSkybox":false,"showFlares":true,"showImageEffects":true,"showParticleSystems":true},"in2DMode":false,"pivot":{"x":14.77163028717041,"y":0.7478933930397034,"z":16.2404842376709},"rotation":{"x":0.30265313386917117,"y":-0.5892750024795532,"z":0.2527848184108734,"w":0.705269992351532},"size":1.7200512886047364,"orthographic":false}